model,r2,rmse,mae
RF,0.7509603722845936,0.36500145469747597,0.23831852641050524
Poly,0.5556194309525169,0.48757103362211646,0.3991278774833107
Linear,0.3994458061638809,0.5668086484446857,0.46338283817674153
